Labels,pixels0,pixels1,pixels2,pixels3,pixels4,pixels5,pixels6,pixels7,pixels8,pixels9,pixels10,pixels11,pixels12,pixels13,pixels14,pixels15,pixels16,pixels17,pixels18,pixels19,pixels20,pixels21,pixels22,pixels23,pixels24,pixels25,pixels26,pixels27,pixels28,pixels29,pixels30,pixels31,pixels32,pixels33,pixels34,pixels35,pixels36,pixels37,pixels38,pixels39,pixels40,pixels41,pixels42,pixels43,pixels44,pixels45,pixels46,pixels47,pixels48,pixels49,pixels50,pixels51,pixels52,pixels53,pixels54,pixels55,pixels56,pixels57,pixels58,pixels59,pixels60,pixels61,pixels62,pixels63,pixels64,pixels65,pixels66,pixels67,pixels68,pixels69,pixels70,pixels71,pixels72,pixels73,pixels74,pixels75,pixels76,pixels77,pixels78,pixels79,pixels80,pixels81,pixels82,pixels83,pixels84,pixels85,pixels86,pixels87,pixels88,pixels89,pixels90,pixels91,pixels92,pixels93,pixels94,pixels95,pixels96,pixels97,pixels98,pixels99,pixels100,pixels101,pixels102,pixels103,pixels104,pixels105,pixels106,pixels107,pixels108,pixels109,pixels110,pixels111,pixels112,pixels113,pixels114,pixels115,pixels116,pixels117,pixels118,pixels119,pixels120,pixels121,pixels122,pixels123,pixels124,pixels125,pixels126,pixels127,pixels128,pixels129,pixels130,pixels131,pixels132,pixels133,pixels134,pixels135,pixels136,pixels137,pixels138,pixels139,pixels140,pixels141,pixels142,pixels143,pixels144,pixels145,pixels146,pixels147,pixels148,pixels149,pixels150,pixels151,pixels152,pixels153,pixels154,pixels155,pixels156,pixels157,pixels158,pixels159,pixels160,pixels161,pixels162,pixels163,pixels164,pixels165,pixels166,pixels167,pixels168,pixels169,pixels170,pixels171,pixels172,pixels173,pixels174,pixels175,pixels176,pixels177,pixels178,pixels179,pixels180,pixels181,pixels182,pixels183,pixels184,pixels185,pixels186,pixels187,pixels188,pixels189,pixels190,pixels191,pixels192,pixels193,pixels194,pixels195,pixels196,pixels197,pixels198,pixels199,pixels200,pixels201,pixels202,pixels203,pixels204,pixels205,pixels206,pixels207,pixels208,pixels209,pixels210,pixels211,pixels212,pixels213,pixels214,pixels215,pixels216,pixels217,pixels218,pixels219,pixels220,pixels221,pixels222,pixels223,pixels224,pixels225,pixels226,pixels227,pixels228,pixels229,pixels230,pixels231,pixels232,pixels233,pixels234,pixels235,pixels236,pixels237,pixels238,pixels239,pixels240,pixels241,pixels242,pixels243,pixels244,pixels245,pixels246,pixels247,pixels248,pixels249,pixels250,pixels251,pixels252,pixels253,pixels254,pixels255,pixels256,pixels257,pixels258,pixels259,pixels260,pixels261,pixels262,pixels263,pixels264,pixels265,pixels266,pixels267,pixels268,pixels269,pixels270,pixels271,pixels272,pixels273,pixels274,pixels275,pixels276,pixels277,pixels278,pixels279,pixels280,pixels281,pixels282,pixels283,pixels284,pixels285,pixels286,pixels287,pixels288,pixels289,pixels290,pixels291,pixels292,pixels293,pixels294,pixels295,pixels296,pixels297,pixels298,pixels299,pixels300,pixels301,pixels302,pixels303,pixels304,pixels305,pixels306,pixels307,pixels308,pixels309,pixels310,pixels311,pixels312,pixels313,pixels314,pixels315,pixels316,pixels317,pixels318,pixels319,pixels320,pixels321,pixels322,pixels323,pixels324,pixels325,pixels326,pixels327,pixels328,pixels329,pixels330,pixels331,pixels332,pixels333,pixels334,pixels335,pixels336,pixels337,pixels338,pixels339,pixels340,pixels341,pixels342,pixels343,pixels344,pixels345,pixels346,pixels347,pixels348,pixels349,pixels350,pixels351,pixels352,pixels353,pixels354,pixels355,pixels356,pixels357,pixels358,pixels359,pixels360,pixels361,pixels362,pixels363,pixels364,pixels365,pixels366,pixels367,pixels368,pixels369,pixels370,pixels371,pixels372,pixels373,pixels374,pixels375,pixels376,pixels377,pixels378,pixels379,pixels380,pixels381,pixels382,pixels383,pixels384,pixels385,pixels386,pixels387,pixels388,pixels389,pixels390,pixels391,pixels392,pixels393,pixels394,pixels395,pixels396,pixels397,pixels398,pixels399,pixels400,pixels401,pixels402,pixels403,pixels404,pixels405,pixels406,pixels407,pixels408,pixels409,pixels410,pixels411,pixels412,pixels413,pixels414,pixels415,pixels416,pixels417,pixels418,pixels419,pixels420,pixels421,pixels422,pixels423,pixels424,pixels425,pixels426,pixels427,pixels428,pixels429,pixels430,pixels431,pixels432,pixels433,pixels434,pixels435,pixels436,pixels437,pixels438,pixels439,pixels440,pixels441,pixels442,pixels443,pixels444,pixels445,pixels446,pixels447,pixels448,pixels449,pixels450,pixels451,pixels452,pixels453,pixels454,pixels455,pixels456,pixels457,pixels458,pixels459,pixels460,pixels461,pixels462,pixels463,pixels464,pixels465,pixels466,pixels467,pixels468,pixels469,pixels470,pixels471,pixels472,pixels473,pixels474,pixels475,pixels476,pixels477,pixels478,pixels479,pixels480,pixels481,pixels482,pixels483,pixels484,pixels485,pixels486,pixels487,pixels488,pixels489,pixels490,pixels491,pixels492,pixels493,pixels494,pixels495,pixels496,pixels497,pixels498,pixels499,pixels500,pixels501,pixels502,pixels503,pixels504,pixels505,pixels506,pixels507,pixels508,pixels509,pixels510,pixels511,pixels512,pixels513,pixels514,pixels515,pixels516,pixels517,pixels518,pixels519,pixels520,pixels521,pixels522,pixels523,pixels524,pixels525,pixels526,pixels527,pixels528,pixels529,pixels530,pixels531,pixels532,pixels533,pixels534,pixels535,pixels536,pixels537,pixels538,pixels539,pixels540,pixels541,pixels542,pixels543,pixels544,pixels545,pixels546,pixels547,pixels548,pixels549,pixels550,pixels551,pixels552,pixels553,pixels554,pixels555,pixels556,pixels557,pixels558,pixels559,pixels560,pixels561,pixels562,pixels563,pixels564,pixels565,pixels566,pixels567,pixels568,pixels569,pixels570,pixels571,pixels572,pixels573,pixels574,pixels575,pixels576,pixels577,pixels578,pixels579,pixels580,pixels581,pixels582,pixels583,pixels584,pixels585,pixels586,pixels587,pixels588,pixels589,pixels590,pixels591,pixels592,pixels593,pixels594,pixels595,pixels596,pixels597,pixels598,pixels599,pixels600,pixels601,pixels602,pixels603,pixels604,pixels605,pixels606,pixels607,pixels608,pixels609,pixels610,pixels611,pixels612,pixels613,pixels614,pixels615,pixels616,pixels617,pixels618,pixels619,pixels620,pixels621,pixels622,pixels623,pixels624,pixels625,pixels626,pixels627,pixels628,pixels629,pixels630,pixels631,pixels632,pixels633,pixels634,pixels635,pixels636,pixels637,pixels638,pixels639,pixels640,pixels641,pixels642,pixels643,pixels644,pixels645,pixels646,pixels647,pixels648,pixels649,pixels650,pixels651,pixels652,pixels653,pixels654,pixels655,pixels656,pixels657,pixels658,pixels659,pixels660,pixels661,pixels662,pixels663,pixels664,pixels665,pixels666,pixels667,pixels668,pixels669,pixels670,pixels671,pixels672,pixels673,pixels674,pixels675,pixels676,pixels677,pixels678,pixels679,pixels680,pixels681,pixels682,pixels683,pixels684,pixels685,pixels686,pixels687,pixels688,pixels689,pixels690,pixels691,pixels692,pixels693,pixels694,pixels695,pixels696,pixels697,pixels698,pixels699,pixels700,pixels701,pixels702,pixels703,pixels704,pixels705,pixels706,pixels707,pixels708,pixels709,pixels710,pixels711,pixels712,pixels713,pixels714,pixels715,pixels716,pixels717,pixels718,pixels719,pixels720,pixels721,pixels722,pixels723,pixels724,pixels725,pixels726,pixels727,pixels728,pixels729,pixels730,pixels731,pixels732,pixels733,pixels734,pixels735,pixels736,pixels737,pixels738,pixels739,pixels740,pixels741,pixels742,pixels743,pixels744,pixels745,pixels746,pixels747,pixels748,pixels749,pixels750,pixels751,pixels752,pixels753,pixels754,pixels755,pixels756,pixels757,pixels758,pixels759,pixels760,pixels761,pixels762,pixels763,pixels764,pixels765,pixels766,pixels767,pixels768,pixels769,pixels770,pixels771,pixels772,pixels773,pixels774,pixels775,pixels776,pixels777,pixels778,pixels779,pixels780,pixels781,pixels782,pixels783
0,10,102,70,93,92,44,36,44,44,28,45,50,15,19,45,75,73,71,71,73,46,71,104,66,84,103,83,85,113,128,158,133,185,60,52,61,60,44,44,12,11,49,107,137,153,135,135,135,98,135,175,185,120,171,141,157,171,168,218,221,108,60,40,61,60,77,89,125,168,163,119,137,141,123,103,153,76,150,151,187,142,225,152,157,167,152,230,214,60,60,62,92,60,50,57,41,183,14,75,109,103,179,134,139,139,151,135,186,57,208,134,184,125,178,221,156,60,92,89,90,105,108,204,224,237,190,182,154,133,188,184,111,15,135,135,193,76,164,108,181,128,194,180,60,60,76,107,107,121,99,158,138,126,83,193,117,202,188,117,52,107,161,147,163,185,129,213,105,170,244,156,59,60,54,77,124,123,124,128,114,156,101,50,210,229,107,58,225,225,231,216,149,186,101,182,160,74,218,60,75,46,18,66,128,128,164,223,240,229,232,225,229,228,225,231,241,136,55,14,41,150,87,144,87,111,245,56,136,208,232,225,236,246,244,240,208,216,232,237,202,215,185,59,115,173,208,128,101,179,23,194,62,41,214,101,230,141,132,122,146,74,77,168,217,209,53,44,191,81,27,161,159,122,205,125,88,161,90,208,126,50,155,44,22,59,115,231,247,182,142,37,64,104,24,85,104,172,194,93,51,22,70,31,36,135,188,227,111,131,141,44,89,207,182,25,47,46,46,173,126,138,116,166,136,15,23,14,19,30,30,35,181,135,209,169,124,152,60,66,74,79,31,54,62,22,30,32,101,187,120,82,202,96,49,22,22,20,36,147,179,150,210,154,160,115,60,91,65,19,18,30,30,22,26,15,153,126,120,131,195,122,107,22,38,8,167,182,195,180,149,141,94,67,75,74,107,120,73,25,38,64,32,100,151,99,121,86,192,87,90,161,77,89,133,135,181,195,135,126,78,60,104,104,88,120,120,60,18,35,50,182,164,190,89,86,143,173,147,160,240,224,194,150,165,196,151,107,103,49,122,120,120,120,121,89,14,49,10,162,206,194,154,83,103,100,135,210,245,236,208,165,180,181,134,141,71,54,125,121,120,152,120,116,192,217,231,217,167,7,74,72,129,213,189,67,67,187,238,193,195,150,167,45,71,13,131,109,120,120,120,144,232,231,203,85,147,131,155,181,202,145,38,101,228,154,185,204,182,151,202,77,135,50,132,89,154,121,144,240,231,203,67,206,169,14,15,58,142,42,84,146,237,215,85,71,150,150,207,82,149,164,242,67,173,108,155,239,190,67,206,204,176,210,22,15,86,161,232,227,244,92,18,149,182,181,233,138,190,175,152,62,133,67,28,21,32,223,188,185,247,247,247,239,166,132,105,161,140,44,53,196,181,195,140,130,217,123,186,76,234,104,108,67,38,43,59,120,79,23,23,11,36,112,212,146,60,74,113,195,180,211,103,195,220,70,122,120,62,121,91,49,85,83,161,133,138,247,243,235,239,181,93,46,60,103,161,195,198,212,67,221,218,61,110,122,76,171,102,143,94,109,134,155,135,103,46,21,116,116,163,62,61,83,194,195,145,64,130,220,187,67,77,43,120,210,120,161,176,164,164,107,30,62,135,138,142,110,18,45,110,76,203,199,98,204,161,225,157,99,23,5,147,150,208,150,236,240,175,110,38,45,30,30,30,18,43,119,31,138,207,135,65,211,201,150,160,88,232,151,99,67,182,210,168,240,240,168,23,31,22,23,11,38,100,80,82,194,220,125,131,214,216,198,158
1,98,112,107,99,99,99,108,56,99,121,29,67,104,69,37,21,38,49,95,69,25,75,106,106,74,70,88,82,147,203,195,195,218,226,195,75,195,182,63,205,115,46,61,29,29,23,74,181,238,149,129,100,90,99,242,218,155,195,195,196,219,231,71,163,211,92,29,87,22,26,54,109,81,98,192,222,178,216,134,236,153,27,216,92,132,195,195,186,198,173,86,195,204,60,19,22,24,17,22,142,107,82,213,226,183,184,140,181,169,78,142,158,122,195,211,186,157,43,162,212,93,53,78,26,23,157,139,118,148,180,187,243,123,213,217,218,199,120,69,128,129,196,183,119,139,67,213,158,38,30,30,30,14,15,127,245,237,228,196,201,136,238,216,180,209,120,83,119,137,181,164,199,32,206,106,30,30,44,23,90,113,126,36,190,232,232,222,36,9,95,247,195,209,92,85,135,139,185,236,103,164,78,30,34,85,43,135,194,247,222,136,201,215,238,224,88,116,135,199,236,224,60,67,150,168,206,101,70,62,30,11,183,58,102,142,134,145,8,147,206,131,245,158,120,117,67,192,155,180,60,116,151,101,62,26,30,30,16,129,78,71,240,67,190,125,153,181,143,101,226,224,120,165,194,225,173,60,39,119,135,29,30,30,26,22,47,62,32,141,82,182,78,13,6,168,109,23,79,181,122,57,101,211,37,61,82,177,162,28,29,30,30,19,30,20,52,46,19,62,40,154,212,153,47,26,18,31,77,36,107,62,27,71,193,212,218,120,87,71,93,21,91,183,153,21,32,85,218,188,79,99,26,26,15,13,61,83,132,77,79,218,206,195,178,146,176,247,127,160,225,237,152,78,132,195,196,117,123,98,11,99,121,100,124,168,232,149,184,210,218,195,150,176,246,146,196,225,225,217,120,136,193,194,210,233,185,141,154,226,237,216,153,37,161,153,227,223,170,199,149,178,146,200,225,225,237,136,118,200,225,229,225,241,232,225,195,203,236,200,184,92,180,30,20,108,224,66,103,168,232,224,225,225,244,120,116,232,237,234,228,233,228,217,201,194,238,238,215,62,126,13,117,203,180,32,183,160,225,225,235,239,232,185,114,236,242,193,220,225,225,218,211,198,135,19,121,63,103,14,165,201,176,79,133,164,229,237,60,27,14,106,176,240,240,232,225,225,225,219,191,98,53,50,195,70,152,156,164,163,227,240,184,139,227,248,114,170,81,147,183,240,240,232,225,228,220,197,46,66,59,130,161,175,240,240,240,200,214,201,216,89,155,140,121,100,22,72,161,146,219,227,214,219,120,22,11,64,91,161,224,184,197,212,233,224,154,91,117,65,47,85,79,176,244,172,102,103,134,17,16,23,31,114,205,112,210,154,209,114,82,174,213,215,82,67,163,70,68,103,131,237,184,135,236,90,42,183,247,247,247,239,244,223,184,117,198,26,231,166,135,151,209,204,73,138,177,115,166,232,185,84,30,29,29,30,30,30,18,30,22,18,15,148,142,120,159,119,199,175,231,247,186,87,148,239,150,173,87,120,96,69,148,124,144,124,205,208,172,221,156,195,111,189,160,167,150,166,245,85,120,82,185,244,102,135,198,153,118,236,240,241,240,241,233,242,236,239,212,223,111,243,223,207,202,135,208,184,156,145,194,201,203,147,177,120,120,150,246,247,247,241,233,240,240,242,201,221,91,89,124,217,193,149,227,187,157,126,184,201,235,147,132,182,116,116,65,11,8,8,120,132,135,135,114,151,113,115,190,180,222,180,150,217,44
0,53,108,105,113,91,53,88,25,30,26,45,52,30,18,18,15,77,55,14,71,75,47,19,39,58,44,71,85,49,151,210,222,59,36,52,29,30,22,30,29,15,73,72,15,15,15,15,135,90,14,38,118,150,124,103,151,52,135,187,141,75,60,60,41,55,92,124,160,196,179,204,205,110,119,152,171,82,146,195,165,143,115,180,135,76,133,179,75,106,60,35,63,182,233,243,244,164,114,218,243,230,99,128,200,232,212,108,149,205,205,167,134,184,115,162,73,58,88,150,128,169,77,187,244,100,160,193,83,158,137,141,151,22,162,72,179,189,127,181,182,134,131,159,127,116,150,151,108,208,184,217,246,114,208,225,192,217,208,163,198,130,182,177,203,235,209,194,195,108,62,71,224,183,120,178,236,240,238,244,248,180,220,219,225,229,194,203,236,235,176,165,211,240,177,211,179,74,87,135,193,104,121,184,245,248,187,200,215,210,232,218,226,70,51,113,147,15,132,195,221,182,168,213,196,104,120,114,192,148,105,75,50,101,74,112,176,240,228,218,225,225,225,237,200,242,177,186,145,198,212,149,197,176,236,228,211,243,121,94,195,236,242,236,240,240,238,210,226,226,247,100,82,124,238,56,10,165,171,215,78,165,170,231,145,103,84,151,149,51,146,247,242,246,164,134,196,224,168,50,146,225,156,52,7,135,166,100,35,37,22,41,171,92,31,145,116,227,43,77,246,155,40,70,169,197,123,244,211,242,157,89,126,133,179,109,126,29,12,19,31,79,106,134,220,226,239,148,150,77,68,69,139,22,46,118,38,57,45,82,180,195,123,77,60,29,67,172,82,178,120,85,157,119,135,75,94,60,75,69,139,48,118,124,163,204,21,143,212,205,85,47,65,90,167,210,90,118,105,144,10,91,128,143,142,54,76,69,137,76,31,21,30,14,37,135,173,85,44,140,16,56,70,171,137,97,159,154,61,46,26,24,20,54,74,97,133,197,118,104,120,129,195,180,136,104,188,62,93,35,70,135,187,122,55,131,120,55,20,106,181,183,110,184,209,242,172,240,232,209,202,213,209,202,139,44,162,45,71,135,173,84,23,157,153,146,232,221,231,229,247,225,235,247,191,162,232,225,225,237,228,214,212,206,163,31,119,155,165,120,109,181,135,240,240,208,167,78,50,103,78,30,37,139,234,225,229,229,225,194,218,74,38,133,194,13,45,94,134,161,221,240,240,232,182,49,19,29,14,13,115,194,230,241,238,227,219,209,181,106,9,85,95,204,163,21,76,223,121,234,236,236,242,114,172,128,160,217,225,209,244,159,167,198,196,224,27,93,53,43,175,165,93,145,93,140,197,149,202,125,232,229,229,237,230,242,167,219,138,34,71,137,198,146,85,22,124,94,55,187,88,97,163,155,53,42,212,236,103,200,170,86,46,30,30,38,77,32,169,165,201,44,23,76,150,105,229,167,105,132,241,130,45,13,143,124,45,139,22,30,18,30,22,29,53,32,181,195,178,59,36,171,58,44,95,135,196,173,209,125,37,43,147,82,17,105,32,52,120,118,183,95,123,90,195,203,217,72,53,110,111,56,161,123,188,31,193,154,131,89,121,109,175,148,182,83,175,133,95,150,153,156,198,191,108,49,89,94,142,75,100,146,100,130,213,154,45,20,54,205,219,119,187,181,99,44,130,217,122,139,169,56,123,115,134,31,72,39,179,130,178,10,104,42,41,9,178,201,53,89,82,164,238,211,131,71,36,174,163,228,94,114,77,62,35
1,44,44,44,44,21,61,90,55,22,77,73,71,113,18,15,30,24,54,73,75,88,71,91,68,98,98,99,87,45,61,60,53,44,94,75,87,57,135,183,166,98,13,122,23,54,184,109,73,137,71,159,211,225,229,195,181,29,61,60,25,198,71,184,96,174,167,181,213,238,228,219,76,187,152,134,135,165,138,135,205,196,174,202,169,29,61,52,71,142,27,99,86,229,195,196,180,180,239,236,213,209,184,148,181,151,169,117,153,96,43,51,105,58,60,60,81,38,22,53,133,177,217,225,229,229,240,198,120,210,186,81,103,163,234,201,162,202,229,232,217,104,60,89,142,45,20,53,204,217,218,187,189,175,185,244,247,156,109,27,70,203,226,217,203,181,88,8,13,123,91,102,185,76,41,185,127,45,8,51,113,113,136,214,74,50,36,11,180,195,234,216,212,230,229,242,170,28,58,95,140,52,74,137,55,99,211,223,238,121,242,185,122,107,97,116,199,197,222,221,221,50,232,148,161,125,8,160,123,92,102,163,195,197,199,155,21,126,228,76,92,75,122,115,135,135,131,45,175,136,170,31,116,141,244,207,91,122,195,198,187,157,83,79,121,168,110,56,61,60,107,130,167,135,87,22,11,14,30,81,98,155,139,138,106,123,203,139,109,81,9,10,10,51,22,34,61,61,65,118,167,135,105,55,155,155,54,24,8,97,60,48,107,120,121,155,75,137,191,197,180,137,51,30,30,38,30,135,167,135,134,122,20,15,46,26,75,45,54,60,175,120,114,114,44,135,151,151,171,163,62,37,29,29,18,71,135,135,165,245,82,24,22,27,12,100,72,93,171,120,120,68,87,153,137,143,79,23,38,67,118,56,5,102,135,135,151,242,105,44,26,9,117,121,53,156,70,185,105,108,201,151,185,137,139,74,110,194,244,170,247,117,167,163,164,197,92,44,20,70,179,103,138,160,153,184,120,121,176,135,147,87,151,175,219,219,246,84,93,114,132,195,187,60,74,59,59,179,195,116,219,235,238,185,120,122,114,173,135,167,199,197,196,224,172,78,164,247,200,195,243,72,185,120,131,195,195,186,204,222,104,139,120,120,111,165,135,135,151,198,197,216,60,94,95,31,178,182,203,157,122,120,140,195,195,124,108,148,145,192,120,120,186,228,181,199,199,199,183,110,60,107,183,198,203,134,135,123,120,120,160,194,195,139,124,189,189,207,121,120,183,240,217,163,183,199,171,124,88,159,164,163,137,146,162,205,152,116,232,194,195,124,156,187,175,245,180,150,176,236,237,180,166,196,184,192,117,188,225,221,200,213,238,234,210,93,177,202,196,111,216,208,232,237,245,245,146,240,236,217,179,196,219,229,233,134,124,125,131,94,63,119,146,134,177,195,182,117,203,226,236,233,232,176,246,208,240,224,201,196,192,110,21,54,114,176,71,119,69,10,10,101,232,212,65,166,227,227,229,225,227,229,121,176,240,236,226,196,62,34,156,215,150,50,47,121,170,205,186,202,232,151,28,146,226,210,226,219,204,55,106,177,242,240,240,130,62,132,189,90,24,53,100,101,148,164,219,210,161,140,189,164,156,195,234,170,61,69,38,135,183,231,240,240,240,224,142,23,50,194,195,195,195,210,195,217,218,66,9,84,163,204,126,44,45,62,27,135,151,159,222,236,240,240,240,236,225,209,209,194,202,201,212,175,173,122,188,69,194,131,39,54,30,39,11,100,162,148,132,148,180,218,236,240,236,228,225,225,225,217,221,44,174,70,9
0,103,61,88,61,92,44,65,120,38,87,56,37,130,43,54,69,92,100,102,88,90,59,69,132,33,91,72,52,59,201,84,192,91,103,129,191,40,236,141,80,245,24,105,76,173,116,208,152,63,84,135,217,138,146,152,93,115,153,121,186,128,142,195,156,113,136,150,58,248,34,135,117,148,232,176,240,234,151,134,133,171,160,237,61,113,68,224,86,230,31,203,124,162,170,109,152,169,34,103,151,227,139,240,232,176,166,156,150,80,225,244,92,97,113,177,74,152,100,223,62,223,184,154,184,171,50,135,135,163,233,110,236,240,180,156,198,172,115,229,93,75,168,132,162,185,144,231,86,223,107,123,236,155,68,70,135,135,218,55,142,210,182,228,216,186,195,175,76,61,225,44,173,245,152,214,129,187,60,98,242,60,48,83,139,103,140,152,141,137,170,148,206,203,185,162,158,116,155,113,157,241,187,155,145,140,54,146,202,60,110,208,145,217,210,119,54,78,112,121,198,114,184,112,158,141,168,129,175,204,127,146,176,60,31,224,108,60,162,226,226,231,239,239,217,99,11,130,175,137,216,80,149,151,182,165,102,155,132,143,180,57,66,169,60,51,104,197,175,96,98,81,34,85,21,47,19,191,211,84,42,157,53,217,140,170,167,93,138,148,230,139,73,91,13,139,99,61,98,30,30,30,18,19,9,143,161,107,13,157,103,195,185,172,244,165,26,191,109,136,182,73,16,139,15,30,30,38,30,30,22,19,71,151,70,123,24,158,45,216,107,130,85,36,186,74,24,47,110,120,48,139,26,26,30,38,46,29,28,8,71,137,71,142,32,144,92,226,58,45,36,177,45,78,69,51,56,123,114,72,27,70,26,23,68,160,232,229,146,133,135,112,77,142,120,184,154,52,40,98,30,38,37,30,8,96,120,86,47,23,132,140,221,237,241,233,240,171,149,176,48,144,209,206,171,60,36,36,29,30,30,24,70,161,120,112,40,103,185,239,240,240,240,236,247,109,166,205,31,121,255,147,171,105,59,104,57,27,22,36,163,162,185,120,93,136,77,130,155,241,240,248,124,72,103,118,74,75,213,28,107,120,105,120,120,216,99,195,213,230,155,122,148,172,202,201,12,9,193,154,88,80,68,136,169,9,163,58,98,120,120,120,120,118,228,201,235,50,119,84,176,224,213,69,37,148,178,76,123,153,99,198,204,71,149,122,83,154,120,120,118,208,216,212,54,204,242,208,240,242,105,69,163,206,98,90,91,121,114,140,75,81,141,114,131,152,120,143,212,242,209,180,37,111,111,150,153,118,116,235,204,21,42,98,122,121,131,223,54,115,163,44,109,244,120,110,174,122,139,137,161,153,116,121,150,238,170,70,51,75,71,121,61,90,95,63,26,152,195,162,133,97,247,90,91,59,22,44,187,202,217,185,142,46,46,60,106,107,88,148,123,131,55,22,18,174,169,192,168,133,177,121,120,120,151,61,77,10,17,30,28,27,51,76,77,30,87,204,245,205,92,33,25,123,44,138,65,202,42,121,120,120,92,124,130,122,79,50,93,85,78,59,56,83,163,187,247,155,89,112,62,124,204,213,162,22,35,141,187,152,120,169,225,235,59,24,30,53,90,128,240,224,202,202,157,60,119,217,156,133,198,110,26,100,207,192,78,41,213,106,146,229,240,152,130,121,114,240,232,232,203,161,61,92,123,108,124,154,38,18,19,47,71,15,5,178,242,176,200,131,214,240,240,240,240,228,225,229,185,86,54,54,85,70,123
1,53,110,104,101,76,41,113,17,101,136,28,38,44,53,58,123,104,92,79,124,105,58,106,48,91,83,131,72,172,176,115,217,155,24,47,51,155,211,49,74,49,203,245,216,116,200,232,228,184,212,100,104,153,244,177,28,174,229,209,213,60,34,160,92,81,37,74,84,173,204,77,108,179,240,232,232,90,107,215,241,243,140,150,188,164,225,233,171,120,116,21,10,111,70,38,107,86,54,45,23,41,106,152,183,183,74,126,79,166,138,138,103,161,211,234,58,42,59,98,137,61,30,34,22,31,35,64,80,156,112,128,172,156,180,240,232,238,216,184,153,69,134,150,183,154,171,244,218,72,90,19,22,174,186,137,216,84,217,234,247,249,152,204,232,180,208,210,216,145,237,81,172,76,118,83,39,111,146,158,153,43,50,23,178,214,170,92,23,21,97,215,231,182,217,185,128,115,172,55,103,98,175,134,189,247,242,208,240,236,236,225,194,181,53,120,236,232,152,95,72,170,104,120,60,134,141,107,112,77,19,15,8,26,176,240,244,247,248,203,210,225,235,228,229,240,247,171,135,128,121,107,92,125,60,29,75,104,193,225,225,229,242,245,152,75,29,101,231,195,244,197,244,248,121,86,187,90,137,74,93,61,60,44,61,221,195,233,216,239,246,135,122,104,22,120,135,131,73,42,70,54,123,124,52,38,157,137,79,39,60,57,162,163,218,166,122,110,86,56,48,121,100,158,11,23,52,118,70,25,30,38,38,99,95,120,76,139,44,12,186,175,114,25,75,30,25,53,122,91,121,45,77,122,193,98,30,46,44,46,64,136,112,121,152,91,51,12,19,15,19,54,106,30,53,101,91,202,89,45,14,15,22,41,19,78,59,24,198,248,246,90,107,60,89,120,49,10,8,8,21,30,46,63,70,193,121,120,76,83,38,165,231,223,168,47,150,104,93,76,24,57,118,116,238,161,225,226,239,137,37,68,195,225,120,121,118,236,213,133,126,14,105,92,164,150,125,60,48,116,247,148,180,239,140,93,216,92,120,194,216,85,117,130,96,132,213,175,186,144,79,112,195,108,60,58,27,114,123,152,169,187,121,215,188,45,192,196,191,177,243,243,231,234,213,142,135,172,65,164,199,92,59,92,61,108,88,197,129,155,122,139,125,86,203,156,122,147,102,130,15,66,33,111,148,163,120,26,213,45,88,88,96,85,94,117,208,123,68,146,60,134,175,83,59,12,18,66,96,14,61,103,171,147,154,102,70,66,137,120,30,27,141,77,92,61,98,190,92,140,133,72,225,209,165,117,172,168,55,100,132,111,159,102,126,79,165,104,154,96,71,199,148,114,193,219,103,204,204,189,228,227,243,235,233,150,196,243,245,125,120,107,183,80,154,11,145,120,27,165,150,206,151,141,154,229,226,229,222,134,26,22,38,42,18,14,82,122,37,111,138,32,118,55,118,120,104,135,189,169,54,140,69,90,177,106,22,26,22,54,38,86,108,37,14,51,113,78,50,48,90,65,175,187,118,218,78,209,203,171,178,160,166,99,93,58,27,104,106,30,25,86,49,16,67,98,108,91,249,31,104,85,120,120,77,46,30,54,185,238,82,91,205,99,216,136,130,182,80,19,68,112,132,120,150,133,151,171,64,117,121,120,184,72,105,107,65,106,153,241,243,242,236,208,240,240,208,240,228,237,217,244,174,229,154,108,31,63,70,116,116,116,116,82,188,161,241,227,239,228,232,240,240,239,181,210,180,178,222,197,148,198,62,69,60
0,80,113,125,116,116,128,131,127,129,42,90,119,122,128,128,124,108,40,28,135,124,65,36,69,90,63,77,71,170,196,134,142,112,19,39,78,124,148,213,209,229,225,229,232,240,232,152,67,95,242,236,200,185,94,141,137,48,37,113,113,193,225,225,225,225,229,225,225,237,225,229,229,229,238,247,241,172,43,153,214,186,86,62,42,141,225,225,225,225,225,231,241,134,142,138,130,131,127,131,135,132,244,199,206,236,245,172,75,115,66,37,8,145,226,225,227,218,142,62,30,23,14,26,11,15,46,7,9,12,15,15,83,199,244,243,240,208,176,126,116,129,227,232,206,36,17,73,99,220,130,96,92,151,177,228,209,197,147,87,72,11,111,240,217,169,244,242,218,129,218,164,44,60,57,101,136,29,60,156,117,75,79,129,232,240,176,100,169,168,103,183,130,24,137,121,153,117,203,60,67,63,55,167,171,102,134,232,153,177,49,13,19,10,176,130,141,75,135,148,202,67,31,70,85,69,118,60,75,121,186,208,198,222,210,157,27,79,128,117,156,108,156,90,36,98,181,199,208,96,19,26,18,69,130,75,91,92,195,174,239,219,186,85,196,232,232,246,245,219,127,197,210,209,179,134,159,215,120,36,26,60,58,108,49,126,130,161,232,191,157,233,117,10,8,98,91,135,146,182,210,225,229,232,146,196,154,96,25,139,19,27,108,125,108,209,224,46,125,62,82,145,178,235,128,23,17,133,228,234,142,132,175,141,167,120,38,57,50,175,83,203,230,213,158,73,158,86,160,223,232,220,92,106,80,166,227,36,9,101,185,195,235,154,76,103,236,133,164,202,241,195,43,37,58,211,113,129,76,46,61,70,156,150,178,81,178,201,204,211,255,255,92,146,101,54,78,135,246,122,92,21,87,85,179,134,76,41,20,123,102,149,157,122,162,182,179,194,255,255,239,72,87,192,168,163,232,121,74,72,67,62,141,30,119,239,171,44,162,171,135,189,166,127,121,225,255,255,192,80,74,187,232,222,221,152,144,208,224,86,12,8,139,203,65,207,156,58,151,155,154,24,133,211,255,206,33,121,113,41,41,68,134,189,176,240,240,208,120,193,223,79,45,11,31,35,179,165,194,154,195,211,206,46,21,61,100,185,248,174,183,156,107,151,238,238,219,169,85,16,185,244,243,208,194,195,222,148,197,162,30,70,189,12,37,181,134,51,172,135,105,97,230,226,184,35,56,90,161,9,39,226,217,196,251,186,179,60,151,223,227,128,209,193,153,98,181,159,127,214,240,138,57,185,95,123,95,202,207,181,125,191,183,68,60,64,143,143,123,160,225,232,186,140,255,41,77,106,26,40,138,212,100,128,229,224,168,145,97,133,151,123,108,123,255,255,227,169,223,122,166,153,189,177,58,22,25,78,211,244,126,125,240,247,235,231,211,205,244,172,38,87,248,248,225,151,142,86,30,84,180,107,152,49,21,164,192,102,26,9,14,23,22,7,155,215,220,180,208,240,240,241,216,51,13,121,140,247,119,161,173,118,145,201,101,28,103,240,121,116,67,134,88,79,161,255,255,247,242,241,222,88,232,241,197,187,85,189,48,148,210,194,53,42,8,66,219,233,224,210,224,101,100,224,198,143,174,251,224,163,179,51,239,45,66,146,121,187,138,132,62,109,131,213,186,163,155,179,159,107,189,139,106,142,135,135,90,126,118,106,109,41,23,15,35,79,19,19,62,19,35,104,40,16,7,8,23,15,11,16,19,19,15,8,13
1,81,63,105,121,121,126,133,79,45,57,58,90,38,55,91,68,100,86,137,27,112,107,47,94,73,105,123,116,86,225,210,227,246,248,168,87,105,134,216,129,242,248,119,238,246,130,69,136,240,242,207,237,198,199,235,224,151,233,217,239,248,210,174,250,144,244,216,162,246,246,214,232,183,90,76,17,133,149,235,229,211,199,225,206,113,121,230,203,161,241,217,103,106,79,51,189,25,109,92,108,150,123,90,45,102,193,209,141,211,202,206,222,165,202,233,201,193,160,184,216,120,212,208,92,114,228,186,182,142,89,108,122,86,135,231,218,199,221,216,155,148,194,201,130,155,117,157,104,144,208,210,76,98,126,213,140,149,75,77,91,80,150,205,200,183,211,177,227,178,239,241,205,90,100,110,208,233,229,245,240,228,192,246,120,100,183,86,107,100,166,194,247,209,183,213,178,54,120,179,139,51,169,229,240,240,228,176,232,230,232,179,176,126,147,208,180,221,167,225,161,202,232,189,170,159,188,95,65,178,228,211,126,210,240,240,244,162,25,209,241,240,236,232,246,160,177,190,159,222,253,205,227,109,77,55,206,198,147,68,112,177,236,244,218,106,28,119,219,229,247,248,154,154,190,187,112,205,203,231,224,86,72,190,156,177,141,203,205,149,162,109,109,59,78,83,183,130,128,120,34,71,96,165,176,170,226,203,199,89,98,46,182,177,78,15,63,34,58,30,61,103,153,88,147,54,143,125,139,123,32,153,148,227,230,213,227,79,181,53,143,59,26,16,16,11,26,17,55,215,120,69,107,23,29,38,26,66,32,163,210,149,190,227,155,110,240,108,52,43,52,119,228,170,19,163,163,172,92,120,62,7,125,104,28,29,35,195,207,222,199,227,227,140,219,118,180,176,112,93,59,34,84,164,219,140,79,152,85,114,74,86,150,203,99,149,88,150,190,181,222,119,150,183,232,240,243,161,33,57,195,230,102,98,200,172,176,216,199,130,123,48,165,201,241,132,228,215,227,50,44,136,177,236,166,130,242,209,198,240,196,249,130,69,160,243,246,45,52,167,231,163,141,132,192,197,222,107,202,158,138,228,154,209,168,209,138,98,102,32,167,80,82,223,120,120,76,208,147,133,125,157,206,229,148,119,82,142,206,104,82,231,159,149,35,102,51,147,170,48,91,21,137,120,154,213,24,175,40,167,232,208,203,120,238,215,222,156,199,173,103,63,192,221,178,171,110,116,218,25,58,108,125,241,153,124,97,218,229,227,222,81,144,242,174,125,21,46,205,224,225,229,224,184,93,144,240,240,101,69,101,206,99,106,184,198,206,191,227,60,125,245,124,122,68,166,204,236,231,166,142,142,138,134,212,238,176,115,83,182,46,148,196,197,207,246,170,116,169,204,86,184,153,89,177,62,21,24,43,127,102,41,10,73,154,117,108,23,171,211,231,199,186,165,207,69,252,153,144,202,121,155,125,100,131,189,228,241,185,154,160,82,128,105,82,153,95,192,242,203,218,231,197,99,143,150,137,126,210,200,100,15,143,111,99,135,69,61,68,82,103,106,156,209,167,217,201,205,197,227,216,84,192,156,184,198,221,105,98,144,114,86,62,114,61,65,45,46,15,64,106,144,197,231,224,214,220,219,191,113,156,152,188,146,234,182,212,174,225,240,247,212,249,152,43,42,77,182,218,120,198,203,191,200,196,224,216,148,114,184,203,240,240,212,211,200,213,212,172,168,150,116,144,204,217,223,90,186,194,222,196,163,204,231,210
0,96,123,142,88,125,96,97,99,114,105,107,90,69,100,97,120,126,128,130,124,132,73,98,72,73,47,114,108,103,144,215,240,191,192,203,195,211,231,212,155,91,141,59,181,236,176,244,168,242,168,213,192,154,172,168,74,176,237,241,241,233,221,195,167,197,210,220,77,18,15,26,18,15,75,130,145,242,236,232,244,238,232,240,146,168,240,224,229,233,246,93,75,154,143,29,28,13,41,16,11,11,15,15,26,74,131,131,141,74,209,146,153,187,220,169,191,171,155,87,106,75,78,12,72,191,222,213,172,166,79,15,15,9,73,47,46,65,65,123,80,28,33,90,82,99,60,120,126,68,110,110,103,137,78,33,40,143,14,72,71,103,135,79,36,99,230,47,145,126,189,189,81,146,60,91,165,212,78,138,131,152,116,108,124,91,157,187,148,137,136,101,107,211,241,202,112,92,84,54,116,193,88,119,121,222,108,146,162,124,124,119,122,198,137,148,206,171,178,218,225,208,208,213,216,49,57,169,226,222,120,108,204,241,216,202,201,233,184,229,224,214,187,232,199,195,195,227,230,236,230,90,148,121,24,71,213,225,120,93,167,103,122,132,212,226,232,240,247,244,212,39,103,167,211,203,227,227,241,240,212,92,114,150,134,161,120,93,202,203,98,117,195,189,62,26,7,39,146,211,173,135,151,168,139,124,128,217,207,25,70,78,164,211,123,79,173,142,108,82,180,101,104,153,232,158,5,119,217,147,135,159,211,144,112,71,6,67,9,15,107,163,92,63,115,29,25,99,196,197,206,187,190,183,230,147,125,110,141,103,159,230,229,224,209,130,233,148,37,155,61,103,185,35,162,197,155,157,107,18,26,15,188,149,107,90,107,103,135,238,209,229,214,92,84,211,214,179,76,96,47,157,218,137,97,18,30,18,75,127,63,85,90,89,113,85,149,103,218,165,105,117,190,147,149,210,60,55,161,201,220,177,247,46,36,52,71,80,23,19,71,147,39,165,179,134,102,104,142,76,124,221,178,179,88,168,225,230,114,83,168,73,20,203,201,191,11,171,169,137,104,195,196,181,163,231,186,172,209,161,222,186,152,177,213,240,247,212,248,121,39,7,9,41,178,192,170,163,195,195,164,188,53,30,13,178,226,208,151,127,118,80,71,15,35,110,98,102,176,216,209,193,219,203,210,195,195,180,183,149,29,33,187,84,134,20,23,26,14,31,158,83,27,69,120,244,140,230,226,217,218,204,219,196,195,195,165,46,87,121,46,25,23,53,115,25,150,214,188,115,15,11,197,241,100,230,217,225,238,226,202,203,185,213,116,33,188,173,37,106,184,196,143,75,119,143,31,130,193,177,134,175,120,201,210,233,203,185,203,195,151,87,50,163,163,122,74,154,139,200,119,23,42,194,240,156,112,77,136,166,154,129,234,235,197,224,194,195,195,146,141,94,10,14,129,38,75,126,55,27,36,133,196,248,247,245,219,248,85,131,236,232,232,225,217,194,218,234,145,64,129,217,210,169,242,183,222,239,205,199,181,77,42,70,138,46,43,146,247,178,228,235,182,204,195,211,241,232,224,208,121,65,173,247,194,243,31,143,14,20,26,28,32,174,164,202,208,200,236,236,216,201,195,195,195,13,93,76,115,149,162,69,148,234,230,173,104,187,90,125,232,225,202,236,247,232,244,232,229,211,195,195,248,229,190,231,98,134,180,214,130,208,150,115,198,175,136,204,217,217,202,215,70,217,236,232,229,193,194,181,136,19,115,23,13
1,93,133,56,99,118,44,40,135,124,117,120,98,123,98,89,87,85,71,86,91,106,107,114,114,100,100,99,84,130,235,80,197,133,45,194,242,232,225,229,209,226,213,218,210,203,210,210,225,217,202,227,225,207,167,196,197,161,229,86,216,60,86,233,237,225,225,228,227,228,236,229,226,210,211,219,225,229,225,227,234,219,133,198,167,167,115,146,206,39,187,237,242,212,214,227,186,204,221,241,200,204,211,196,199,190,217,218,223,221,178,135,166,161,62,197,125,60,189,105,203,217,196,232,185,224,112,204,140,204,195,198,183,183,212,210,210,235,194,163,165,160,63,139,93,146,207,203,204,220,212,200,179,127,134,232,220,209,217,229,209,185,217,237,219,217,195,198,166,129,61,147,48,211,229,228,214,193,215,249,59,213,202,230,226,227,242,232,225,218,247,250,196,166,181,139,151,124,158,133,103,221,229,189,115,167,225,126,227,208,201,222,197,201,184,193,233,236,184,212,229,195,195,178,102,133,110,195,185,225,233,236,236,224,243,110,212,241,224,225,225,229,232,232,240,240,240,240,242,204,210,224,178,60,217,204,217,189,127,155,241,245,124,74,168,189,203,126,133,140,142,142,138,133,156,243,247,200,225,229,194,147,191,70,155,120,119,90,90,90,61,144,195,130,131,225,244,191,121,135,116,150,192,123,169,150,137,44,196,9,137,170,167,126,150,38,111,85,14,69,119,163,94,79,19,38,50,42,124,142,106,54,38,46,30,84,197,79,149,129,124,13,27,70,124,58,114,208,148,81,22,15,15,19,23,30,30,26,23,22,30,30,15,147,197,173,101,8,62,73,109,26,46,54,196,190,166,136,20,18,15,15,30,30,30,26,30,26,26,15,148,195,181,113,167,196,133,133,90,11,93,121,195,134,182,197,200,34,25,15,17,30,58,67,116,124,148,201,194,199,123,137,145,196,171,136,62,185,75,162,180,186,154,101,213,212,136,120,115,125,150,233,237,240,232,225,194,176,18,150,158,199,185,116,204,201,108,225,225,233,240,188,184,114,214,242,205,201,212,227,226,240,232,225,204,77,32,162,169,149,170,139,169,23,131,226,225,234,216,154,106,18,39,242,232,162,151,166,183,235,232,234,185,76,64,164,241,133,161,201,124,193,209,223,204,187,188,144,176,176,200,90,223,228,177,236,161,212,239,202,145,183,24,178,220,111,159,220,232,218,118,79,26,18,47,126,203,236,240,242,199,242,216,223,148,168,182,124,104,141,31,171,223,239,68,168,167,30,14,15,19,18,15,15,37,165,131,158,111,182,232,213,132,155,97,159,191,58,90,170,222,247,99,159,45,32,120,113,105,98,98,83,44,8,11,15,91,160,201,140,142,209,217,236,107,51,218,164,229,243,118,147,61,143,218,225,236,236,243,247,245,213,170,154,175,158,185,63,225,235,244,94,104,148,194,169,233,228,142,156,103,39,8,8,8,16,13,13,15,127,115,76,13,138,115,192,234,204,60,44,186,114,157,162,236,231,119,220,182,225,225,225,240,196,145,181,113,113,145,225,225,235,242,195,93,34,63,155,156,83,83,140,226,202,114,158,186,105,200,225,244,224,225,237,225,225,228,236,192,142,70,45,76,123,226,226,60,92,131,133,130,106,117,179,156,63,74,79,71,155,187,219,219,195,134,30,30,30,54,47,154,176,197,133,60,60,131,22,19,58,99,209,86,152,192,71,8,8,8,8,16,16,55,31,31,23,19,64,202,202,197,54,54,100,113
0,117,41,76,83,60,37,29,19,9,68,113,58,22,15,15,15,13,71,43,71,107,58,139,88,94,77,106,73,115,85,219,244,204,52,67,184,225,217,170,36,21,19,11,11,39,102,135,135,135,236,206,192,221,184,154,62,123,84,175,122,60,74,174,225,248,185,155,106,50,7,101,165,197,166,135,134,134,142,174,175,208,250,218,158,154,113,135,60,60,89,112,170,77,108,104,162,98,160,201,186,137,166,152,151,151,165,237,255,177,71,184,120,125,215,207,220,60,92,84,134,150,61,50,223,232,229,216,48,8,134,73,100,135,167,187,192,255,247,247,235,32,202,110,141,76,60,37,74,67,100,72,186,226,233,178,164,225,217,221,212,146,135,181,139,206,90,255,255,50,109,213,92,60,79,164,225,242,244,240,220,225,225,229,218,217,234,150,141,219,100,195,135,100,229,255,255,63,229,125,77,52,189,154,131,136,119,165,208,214,220,226,199,92,25,11,38,97,139,135,227,70,129,166,255,86,153,61,60,21,162,21,6,102,239,246,186,29,119,206,245,156,176,228,209,208,66,135,95,19,89,199,255,178,241,140,60,38,219,200,213,177,210,185,92,36,72,139,101,197,193,231,239,220,126,158,77,50,136,186,210,138,73,65,45,114,215,235,232,181,137,109,60,88,82,137,15,47,120,124,92,27,86,199,74,167,66,139,155,76,54,101,78,187,78,15,49,38,54,26,76,122,137,165,138,14,12,30,30,7,135,143,244,154,73,150,143,60,92,82,134,179,32,19,19,28,13,110,94,37,111,119,119,204,184,128,120,145,179,157,49,118,29,179,145,60,47,192,185,59,67,97,113,113,223,135,44,116,116,145,177,197,212,240,228,209,194,223,67,11,52,195,181,52,118,165,64,120,102,73,225,225,240,172,231,228,225,225,236,204,132,218,240,224,241,193,105,126,180,194,58,60,72,153,121,118,176,224,217,233,180,74,211,228,236,185,62,74,82,169,165,238,156,68,153,37,188,90,18,45,49,8,126,110,226,229,224,204,43,173,142,77,62,15,78,177,225,236,11,144,45,134,157,87,58,30,14,13,51,151,225,164,183,205,153,37,203,182,119,156,136,195,232,236,233,218,125,193,58,223,56,88,128,128,108,13,15,13,123,96,195,155,98,122,223,201,54,23,7,15,8,36,78,126,79,177,91,219,174,229,228,236,208,13,15,15,22,71,226,195,248,131,208,180,196,236,224,234,231,223,150,40,106,222,145,223,104,219,225,235,216,67,20,10,10,115,194,131,174,68,145,78,142,134,135,142,30,23,10,131,192,210,215,173,34,203,211,253,224,56,113,193,217,217,216,192,213,131,102,16,26,22,22,30,41,146,209,135,111,100,168,46,114,219,155,253,55,172,225,225,225,202,245,178,250,74,124,46,90,40,98,81,145,221,216,179,148,207,60,79,202,173,61,34,26,164,225,229,228,215,203,106,116,99,192,78,147,178,233,224,229,238,197,195,224,203,110,195,226,255,189,72,51,160,229,228,225,225,88,171,85,90,221,120,98,190,213,233,196,150,51,182,224,67,211,225,237,255,66,213,145,168,228,225,241,185,124,29,14,41,195,118,152,135,79,62,30,15,129,178,231,148,205,240,253,204,112,110,101,172,225,232,250,76,60,59,30,69,170,173,236,228,114,80,112,185,209,193,219,224,190,103,94,78,42,79,50,160,217,193,95,54,69,101,146,130,132,234,229,240,232,232,225,229,225,217,200,136,90,134,85,119,103,135,44
1,86,99,105,115,76,94,38,102,107,103,86,112,111,100,99,103,37,102,85,109,95,70,36,14,20,55,37,8,139,198,125,183,124,188,143,133,149,163,196,213,226,202,206,242,202,195,196,227,84,28,62,22,23,26,61,44,132,173,197,102,76,149,135,180,211,219,196,167,193,198,187,226,169,182,195,193,107,92,52,22,59,38,173,136,116,135,213,159,167,230,230,197,206,226,192,183,167,181,236,93,52,195,213,244,186,155,90,142,153,226,49,216,116,179,240,184,241,232,222,205,166,225,158,197,196,161,56,48,162,198,162,151,51,92,120,192,205,204,78,195,130,195,223,185,251,207,183,212,195,203,132,197,219,180,97,225,209,125,58,152,164,89,124,115,185,126,141,196,130,196,233,157,124,14,148,166,195,234,184,92,119,226,218,234,139,161,225,229,242,184,167,123,129,30,71,181,129,207,109,52,109,193,225,229,209,237,184,102,102,205,204,234,224,232,218,142,142,93,107,84,52,49,118,196,115,135,157,186,219,168,213,223,240,218,153,123,69,183,165,175,190,129,22,74,124,108,120,98,172,101,151,181,144,161,131,171,21,131,162,162,121,134,89,75,86,151,150,187,229,150,227,243,240,240,184,121,92,189,148,167,134,172,105,117,226,226,236,222,241,248,106,76,70,135,170,171,206,188,88,220,113,172,155,121,122,63,198,105,142,150,99,118,184,181,50,45,127,70,76,60,102,135,89,37,79,40,46,30,26,26,38,70,108,125,181,164,81,201,103,127,111,19,14,43,19,46,59,46,100,134,184,202,115,93,102,130,86,139,45,53,93,152,196,195,14,89,100,171,184,110,111,140,122,36,99,206,212,194,164,108,24,14,71,142,122,52,38,58,92,126,196,183,145,101,103,172,141,39,111,30,10,146,105,157,67,181,172,214,164,41,61,30,10,173,147,108,84,195,179,203,161,117,224,105,183,203,131,211,194,226,240,213,201,194,194,205,241,152,72,20,92,134,133,249,218,183,192,49,161,115,177,135,207,231,218,219,217,236,130,177,217,217,221,188,185,185,120,166,213,194,180,253,76,116,90,32,163,183,210,139,241,225,202,203,225,164,101,242,204,169,236,172,137,146,120,172,225,232,213,201,90,119,246,64,145,129,119,100,240,221,203,195,184,57,84,51,14,11,11,23,19,53,122,132,219,241,246,152,98,99,29,18,189,247,119,103,206,228,195,195,141,85,230,145,130,178,162,130,163,165,154,100,194,240,248,152,114,140,52,88,189,253,186,135,198,198,197,225,91,120,141,204,211,225,209,225,206,182,194,120,164,201,124,92,185,76,72,145,189,243,217,151,181,181,151,179,90,116,124,177,209,188,217,240,216,125,176,187,61,144,120,76,197,60,141,114,189,255,219,172,175,195,133,135,120,161,217,202,240,243,239,247,219,168,173,107,76,216,186,120,123,60,118,162,189,255,195,132,135,189,195,166,235,54,8,12,11,26,18,27,26,19,8,89,152,241,120,121,76,74,220,227,189,255,247,193,156,151,203,181,118,46,181,220,194,114,120,116,160,210,178,146,206,245,249,108,52,142,142,227,189,255,255,247,157,139,167,226,72,120,194,198,175,127,125,197,140,180,139,113,167,139,92,58,77,124,223,227,189,255,255,255,247,155,45,23,135,232,193,139,28,6,41,12,27,70,79,192,228,109,61,118,180,210,248,224,183,248,248,248,248,227,200,97,40,133,229,132,132,193,209,201,93,110,172,208,79,31,91,211,180,181,248,157
0,102,104,98,130,124,116,103,124,124,118,128,124,114,111,108,137,72,85,103,98,68,91,47,57,142,143,143,123,124,121,251,156,110,131,123,156,236,237,236,240,228,211,239,206,168,225,233,225,217,209,120,211,220,255,255,227,138,140,54,105,172,225,240,224,224,228,232,242,238,202,233,224,225,233,245,250,142,127,153,137,157,255,255,227,75,67,197,230,228,228,233,236,240,240,240,244,242,211,227,225,225,201,136,38,84,116,167,120,132,253,255,227,132,202,202,78,79,93,153,209,241,240,240,248,153,151,182,220,243,113,164,230,242,240,240,120,161,189,255,227,152,212,94,76,138,98,164,164,243,244,249,140,124,65,103,175,171,137,203,71,140,168,215,120,166,219,255,227,111,200,228,225,227,232,231,224,235,252,72,74,60,21,73,135,144,210,230,243,247,193,118,123,154,138,254,227,164,225,226,202,225,116,178,214,213,146,92,157,92,66,122,79,131,170,86,26,19,19,11,41,102,171,222,227,155,209,217,231,236,204,157,109,110,38,45,30,25,46,116,8,74,17,12,178,235,247,239,220,118,184,217,226,118,158,86,58,24,20,19,21,25,11,45,117,100,115,179,123,150,170,140,45,26,18,38,14,186,120,189,193,43,48,118,117,120,240,231,189,75,182,213,243,245,176,228,176,233,199,164,182,70,119,24,120,121,109,188,161,85,204,102,130,62,30,19,23,51,179,224,114,27,195,237,228,225,240,238,214,176,162,168,212,165,120,133,193,184,58,57,98,128,116,126,177,225,194,236,176,192,231,244,228,218,250,186,72,239,240,240,236,225,214,120,135,123,108,104,140,233,232,229,226,226,201,128,239,192,170,70,156,150,74,61,24,99,225,240,240,224,238,120,133,60,87,208,232,237,232,217,211,223,76,38,133,78,30,15,27,32,26,61,104,169,133,211,240,236,225,152,86,83,208,240,236,233,225,217,211,92,52,69,141,27,26,9,125,77,26,43,104,188,195,230,240,232,233,184,93,177,232,236,236,228,225,225,197,104,98,177,75,13,25,115,84,29,148,240,240,217,194,234,242,240,237,186,92,137,226,241,232,225,226,237,240,150,176,236,184,217,225,225,228,226,232,241,240,236,216,240,150,252,187,186,92,153,204,235,225,231,182,221,243,144,240,225,225,228,233,134,135,103,72,118,237,247,249,186,108,29,77,245,93,138,197,215,205,221,180,196,237,232,225,229,232,173,92,116,169,225,225,226,161,30,30,46,61,10,195,245,48,129,179,167,172,106,93,166,230,231,187,225,243,239,239,241,130,135,142,78,30,30,21,19,59,113,195,155,32,159,234,134,134,45,21,103,118,22,18,19,15,26,30,30,30,30,20,15,21,119,82,41,92,230,215,156,47,171,239,232,108,69,76,38,87,26,23,19,30,26,19,7,68,116,181,225,231,203,43,179,195,240,232,60,63,131,130,152,172,134,177,200,119,46,21,17,140,149,229,231,238,203,203,216,147,71,152,195,195,189,156,56,85,149,85,16,100,175,218,231,169,127,98,69,11,107,124,142,86,54,15,39,152,220,127,195,210,194,60,84,98,61,62,12,171,132,215,240,243,246,105,38,106,139,139,30,30,30,12,15,26,40,99,197,177,53,61,94,162,25,26,70,107,107,48,129,227,187,155,121,117,16,23,28,54,116,149,130,64,77,197,169,46,40,61,142,227,100,126,47,105,56,38,136,52,71,54,141,242,156,66,153,224,225,233,240,240,208,212,38,38,95,135,248,222
1,21,30,22,92,29,15,109,25,26,32,27,8,15,11,39,63,32,80,12,90,113,127,135,87,84,77,36,38,25,36,41,100,58,187,104,124,124,156,228,221,176,122,74,85,22,85,11,15,27,21,21,95,196,141,35,131,75,47,224,233,173,174,144,207,150,203,217,221,172,187,26,135,78,60,17,137,12,93,67,115,165,139,74,195,37,57,146,175,47,52,61,59,63,116,99,23,19,32,55,135,131,75,50,178,230,232,236,214,179,183,206,189,87,189,215,52,141,184,198,185,117,180,183,208,240,212,58,149,190,81,193,217,209,225,221,158,193,122,127,208,138,152,23,183,227,226,238,192,225,242,241,236,228,216,61,179,246,129,234,244,119,116,100,59,193,85,225,225,88,138,160,131,183,155,145,126,135,78,100,134,249,124,64,171,81,219,164,156,128,46,152,210,215,225,236,240,122,134,128,181,136,20,22,15,21,48,114,228,68,45,45,133,155,225,157,142,113,197,214,202,218,247,255,255,88,120,64,131,196,120,96,40,73,189,112,68,90,42,93,195,196,163,29,21,33,15,39,87,185,255,255,255,116,120,54,74,177,154,90,119,72,6,83,199,49,90,49,167,173,179,62,146,107,61,207,35,133,171,255,255,185,152,120,59,44,51,120,240,231,236,177,55,51,71,104,100,95,82,120,37,27,101,221,184,142,79,108,225,100,185,120,178,157,100,71,118,26,30,22,95,196,150,230,194,230,99,127,185,239,180,101,170,57,21,10,193,118,42,106,176,244,196,121,37,38,110,60,210,188,205,177,199,207,84,110,18,11,185,77,139,122,66,51,195,103,37,86,212,186,110,126,100,203,180,161,241,245,240,7,133,173,115,186,93,214,183,65,23,39,106,68,102,123,82,50,158,91,92,10,115,216,196,211,98,55,80,81,167,221,98,142,154,203,242,107,17,120,172,96,85,106,90,116,55,140,74,171,203,219,223,70,100,234,182,128,114,155,129,236,124,196,246,90,23,168,179,116,108,89,122,46,146,107,105,113,195,229,93,94,181,123,119,210,220,217,208,155,122,197,178,122,65,143,82,147,154,138,106,68,145,60,101,210,218,140,98,169,7,69,117,207,226,228,164,82,161,212,76,43,41,149,129,233,216,122,88,98,170,161,176,197,165,34,94,175,154,178,195,138,151,88,26,239,217,169,60,32,203,226,201,155,203,75,120,116,130,225,202,214,35,72,87,132,164,167,202,63,136,78,217,203,86,54,50,162,203,213,150,82,146,103,114,208,236,208,195,159,176,233,225,233,228,177,172,108,189,83,195,84,30,29,125,194,203,229,132,197,224,146,242,240,242,216,195,235,174,134,127,128,123,125,126,187,169,230,134,51,24,146,211,196,195,74,151,204,240,152,116,242,178,208,204,76,36,124,113,145,193,177,113,145,190,62,32,84,176,202,195,165,55,73,162,214,223,107,117,240,240,201,169,55,196,228,223,134,127,127,121,178,69,23,51,223,241,200,217,231,219,218,195,227,255,109,84,198,246,228,156,127,103,72,102,8,39,100,142,69,53,65,196,195,219,225,224,208,177,118,195,177,255,135,208,124,124,68,96,144,108,184,38,139,201,204,101,44,47,147,179,202,203,218,243,244,214,152,195,207,255,121,210,243,239,247,241,246,186,208,197,221,222,156,53,57,97,195,195,210,210,211,182,105,154,217,195,255,255,153,197,51,15,19,91,178,112,180,209,225,197,54,61,68,202,194,194,225,193,174,96,120,201,184,247,255,255
0,52,113,94,44,89,36,30,45,52,29,25,62,104,134,48,19,61,26,20,21,14,93,47,13,88,93,72,36,124,148,180,171,108,32,20,91,139,170,60,170,119,30,26,18,30,69,149,146,69,90,99,83,184,82,116,168,147,196,228,101,75,59,11,88,29,70,141,110,30,35,62,26,30,76,119,205,223,227,225,217,187,243,247,187,150,104,120,132,72,55,168,190,208,124,130,40,26,197,136,89,63,131,239,114,62,181,166,169,161,248,150,106,144,196,225,217,117,209,229,219,150,250,210,216,169,62,147,84,223,203,212,233,222,106,26,14,55,159,109,188,166,210,238,119,118,209,62,22,14,63,18,94,121,228,166,219,196,171,85,90,24,80,124,120,116,179,97,190,177,161,209,84,230,81,88,124,124,92,37,143,116,174,225,217,193,201,97,85,177,218,239,242,190,137,52,85,27,118,145,124,93,79,230,234,240,240,204,186,245,216,77,221,228,204,116,228,227,238,99,189,104,132,192,132,12,150,199,44,63,177,204,115,247,218,186,226,200,121,76,197,185,33,202,71,167,148,88,132,93,90,134,147,160,195,139,54,192,187,109,107,70,61,120,37,6,109,78,135,116,11,121,72,82,19,14,23,53,36,166,179,9,175,101,44,44,26,34,25,11,68,112,116,173,125,112,147,155,76,153,39,59,106,143,94,54,100,151,189,126,191,88,92,121,91,164,213,232,198,205,140,51,139,85,163,209,112,108,134,155,147,62,37,130,194,163,179,44,141,185,56,100,77,21,50,142,106,20,51,239,123,123,147,199,180,128,41,25,26,41,189,196,218,194,195,161,199,159,116,243,122,51,8,114,142,138,199,155,76,79,195,211,246,120,170,170,132,38,136,135,188,203,197,149,108,208,112,246,186,105,84,79,145,90,170,139,59,76,196,210,170,148,98,94,192,177,179,186,195,195,180,78,134,212,102,153,58,121,148,78,145,225,230,157,92,112,151,151,189,185,246,236,236,204,194,180,195,195,183,94,67,142,217,152,120,120,174,226,218,140,58,53,60,17,135,137,115,105,187,97,191,240,220,194,195,188,101,145,228,192,150,153,118,176,192,221,44,143,177,146,90,36,132,133,176,192,84,168,104,209,238,194,196,187,114,152,152,92,177,157,148,188,246,89,160,172,16,171,212,196,209,227,150,24,54,242,221,199,168,122,155,75,195,71,139,92,171,95,217,214,141,98,210,63,128,53,36,189,158,78,25,84,194,201,244,100,13,12,161,84,163,14,146,112,135,57,117,69,45,142,238,242,240,148,96,15,15,113,217,226,232,182,92,53,13,133,152,149,112,124,205,120,121,112,85,96,36,74,165,126,183,137,193,243,231,233,168,89,182,217,90,75,62,201,105,201,79,115,58,153,94,170,76,201,65,30,103,194,136,98,61,7,23,21,120,216,130,53,76,115,162,210,98,164,114,176,224,215,108,143,120,112,153,128,180,110,153,137,195,231,247,216,151,73,246,75,76,59,197,140,183,61,196,105,146,145,120,58,167,85,166,82,131,59,167,107,43,20,47,104,97,210,91,59,65,128,201,44,173,113,166,153,116,110,186,66,147,140,174,120,148,109,135,117,183,194,204,156,104,147,61,88,137,113,169,113,133,195,112,189,125,106,123,112,68,153,102,187,76,188,151,111,34,73,185,224,204,90,59,165,39,198,124,191,138,216,114,22,39,92,165,116,98,99,12,169,116,188,152,75,28,92,82,83,78,34,101,149,74,196,75,186,162,200,36
1,94,113,55,20,51,110,120,114,116,121,114,132,91,107,39,84,123,122,116,114,113,98,76,70,58,37,33,55,19,6,104,97,222,216,229,215,237,233,212,93,94,64,135,216,148,70,127,118,130,149,82,72,129,52,24,11,170,216,203,218,230,217,238,103,205,140,30,24,38,72,100,118,156,215,215,133,108,49,23,18,71,68,208,184,109,232,210,219,101,195,121,175,136,54,8,122,202,193,218,179,103,23,31,57,107,59,11,21,17,7,210,216,171,177,215,240,224,158,37,29,38,40,169,228,206,207,135,142,142,142,142,142,85,126,127,146,116,200,148,177,101,195,221,244,242,246,81,52,55,194,206,162,107,47,58,70,59,43,71,96,136,126,110,98,133,185,92,40,92,195,237,51,150,93,77,63,186,215,146,215,231,152,129,130,70,124,148,130,131,181,179,135,97,174,120,185,92,196,153,45,30,30,16,176,207,208,201,43,49,8,17,131,138,137,160,239,247,232,238,237,228,194,136,121,154,155,62,30,29,29,18,15,103,121,193,235,216,108,175,70,18,151,159,133,97,132,122,68,65,184,166,60,125,148,75,51,87,120,98,87,11,15,15,23,138,210,188,77,23,7,30,78,70,62,110,25,46,221,208,184,80,197,185,102,144,240,210,169,139,52,99,99,84,129,181,240,247,247,160,124,120,128,122,157,96,177,229,203,63,135,186,118,240,245,240,240,208,201,198,183,183,197,175,119,131,128,203,196,142,138,136,152,209,211,234,192,79,135,162,83,110,86,164,219,182,228,149,141,79,79,79,103,131,157,92,41,69,120,142,152,195,195,221,222,32,148,150,128,14,30,18,50,109,187,215,111,51,17,73,71,90,62,62,76,131,105,130,116,195,181,177,98,47,195,241,204,210,41,78,73,23,13,18,26,13,8,70,137,83,30,34,127,248,199,146,195,206,176,128,16,120,195,238,232,239,240,240,240,240,240,154,70,103,183,181,150,109,30,21,117,20,55,194,196,165,98,249,60,146,181,208,219,115,200,247,184,240,248,187,125,165,165,188,194,183,59,198,53,25,181,197,170,151,229,206,120,129,166,147,52,20,15,145,95,189,49,11,157,209,210,209,235,243,193,244,163,171,170,111,52,71,211,176,218,144,150,178,74,59,82,71,23,54,77,236,240,216,203,213,118,30,11,159,124,146,179,13,14,165,173,93,17,111,98,165,77,168,227,194,107,35,109,138,188,238,189,62,30,12,119,175,234,218,75,51,13,169,139,76,37,54,165,79,61,20,95,115,225,208,136,120,196,216,68,134,130,138,200,67,162,60,106,89,31,157,15,23,79,66,169,50,132,96,117,114,180,183,243,242,193,145,148,241,228,217,225,163,196,55,66,100,218,168,163,168,157,156,178,210,237,224,232,203,62,100,128,248,152,35,116,226,226,230,233,132,10,188,228,231,158,214,240,239,189,140,229,194,198,247,180,112,196,219,227,204,120,168,220,228,111,112,27,84,213,230,120,218,84,102,169,65,49,124,228,202,219,35,209,140,140,145,30,5,164,207,237,177,137,225,234,226,213,228,124,101,108,98,80,107,76,173,166,211,222,234,239,155,74,219,212,243,54,13,98,243,191,184,93,145,239,19,181,229,192,200,208,185,213,107,162,216,204,86,30,50,89,38,21,196,205,225,222,150,91,223,196,183,126,124,152,129,185,232,233,228,216,61,208,78,23,23,47,113,31,35,158,121,97,214,94,70,237,217,223,137,198,121,240,204,51,216,234,217,69
0,109,143,143,143,141,130,119,116,88,49,114,128,94,92,122,14,51,31,77,66,121,102,128,92,143,143,143,123,189,255,255,255,232,182,148,177,53,155,184,62,30,22,19,19,9,141,243,203,143,229,152,123,252,254,255,227,188,255,252,252,232,80,195,121,122,200,33,30,45,22,19,16,71,137,213,231,102,164,126,120,224,222,255,227,124,251,224,150,186,50,228,186,157,60,28,26,30,22,27,12,135,141,137,83,115,138,66,99,154,252,255,227,180,183,231,232,87,195,203,76,44,76,67,21,35,16,16,8,137,103,150,172,189,148,108,55,171,77,255,178,135,210,143,204,96,203,186,92,60,60,59,125,249,215,231,202,148,135,135,77,190,191,171,122,80,120,239,180,128,228,212,209,209,195,187,60,60,60,124,112,78,43,101,205,182,188,166,151,181,214,124,76,106,153,137,211,171,211,107,129,176,219,140,92,60,37,29,29,18,103,102,95,107,167,151,163,195,233,90,74,111,168,154,162,181,195,108,101,179,237,92,57,84,54,110,160,124,112,36,83,100,137,135,182,195,169,91,89,140,186,124,227,180,225,90,67,223,142,68,164,241,228,240,242,244,241,224,236,216,172,130,133,182,219,120,72,211,60,85,224,147,183,155,136,181,101,230,123,142,173,110,99,148,112,218,240,144,232,235,217,146,116,105,30,209,58,68,161,166,234,156,139,115,127,43,181,134,142,54,186,156,123,217,101,192,215,163,48,210,217,186,154,208,122,167,146,161,225,60,69,137,45,32,56,41,123,88,209,75,85,208,40,18,30,54,118,142,58,169,100,208,90,143,226,161,178,89,67,243,45,145,163,122,26,43,154,59,82,195,59,62,7,10,8,146,11,129,110,179,122,138,194,169,177,123,131,206,84,28,83,131,119,164,148,89,130,140,108,99,209,235,189,163,98,159,108,75,76,123,194,134,129,120,84,112,59,66,14,9,10,138,160,141,132,163,73,21,47,47,79,70,196,116,41,45,60,166,195,189,213,152,126,178,120,118,140,192,225,238,158,93,84,120,103,98,23,36,101,181,175,140,75,88,90,221,227,155,228,166,106,221,92,114,232,231,162,115,130,193,211,168,188,172,240,200,194,195,172,152,58,141,106,222,227,109,143,139,140,107,60,37,139,19,92,21,26,22,14,136,150,187,225,236,208,196,203,171,78,93,129,200,222,25,31,22,20,66,122,43,111,221,244,154,100,63,83,102,123,236,98,190,121,182,209,182,100,92,129,128,113,103,136,130,88,179,154,112,82,105,103,127,131,124,193,167,228,242,103,55,36,181,205,226,243,243,247,244,222,189,255,227,161,208,71,186,148,184,135,151,172,207,119,144,178,36,45,62,195,167,165,209,166,110,143,143,123,189,255,227,161,219,146,170,152,188,137,102,26,15,38,13,46,52,65,162,222,179,195,225,221,137,254,255,227,189,255,227,161,190,186,121,210,194,94,62,46,207,150,83,24,142,154,220,124,195,195,225,184,253,222,255,227,189,253,180,136,164,184,77,226,136,83,61,54,108,73,108,6,153,192,172,139,195,211,178,157,108,223,255,227,178,230,227,207,218,44,166,143,186,122,203,41,51,134,182,137,195,236,132,203,187,193,206,255,174,255,255,227,152,221,201,51,159,87,139,112,166,208,164,120,240,193,181,209,225,144,193,230,43,229,222,116,223,255,255,227,164,167,40,185,156,43,83,210,236,191,240,240,224,229,224,232,176,176,239,74,104,37,207,240,245,248,248,222
1,25,44,68,20,94,99,75,124,93,45,63,29,30,33,22,14,13,79,15,30,22,15,19,18,67,17,86,73,68,52,215,237,195,210,170,54,126,108,76,52,29,30,30,26,14,22,15,13,17,23,12,45,115,72,71,145,62,173,158,49,195,189,26,54,113,93,61,53,30,30,26,40,58,14,11,71,137,113,105,141,91,38,85,145,60,81,177,126,182,117,17,103,206,37,30,28,29,51,54,140,32,100,89,135,112,47,115,50,71,119,194,155,85,72,139,111,149,141,17,154,30,28,10,110,71,101,229,203,211,202,210,155,45,90,14,15,71,169,224,49,18,151,201,129,196,141,28,62,60,98,168,110,176,236,232,217,209,204,185,72,8,14,38,86,118,151,182,78,111,183,140,95,151,125,55,136,152,206,208,228,236,248,197,228,233,236,247,237,228,172,165,199,180,149,120,164,82,169,167,144,135,138,170,192,142,142,102,187,141,62,173,154,50,86,50,95,131,163,217,147,182,165,155,94,105,91,157,146,135,173,44,28,19,10,113,91,91,176,170,125,132,53,80,105,70,40,93,147,150,151,139,50,52,143,41,103,151,125,69,98,232,194,231,214,74,10,173,240,240,232,236,225,209,188,137,102,72,135,137,93,139,126,149,171,135,124,168,232,240,224,218,186,104,65,174,136,148,228,227,239,240,240,207,25,58,135,181,87,87,167,200,203,151,126,223,184,189,204,157,35,118,212,185,37,163,66,165,142,106,172,124,19,8,103,135,155,99,183,214,198,133,139,87,18,26,38,21,200,124,160,194,107,151,51,50,26,30,26,54,53,180,180,134,168,130,150,181,178,181,186,30,13,23,38,124,173,56,203,196,69,18,87,30,26,20,44,119,163,179,179,197,97,149,206,177,206,150,179,117,178,151,30,158,84,6,177,219,65,39,109,19,15,55,181,213,202,195,195,153,118,83,188,166,154,84,178,87,157,76,17,155,144,176,181,140,120,51,139,135,222,180,135,196,195,195,195,122,12,116,209,199,171,99,193,45,51,60,41,192,218,223,205,187,140,158,181,164,166,187,210,196,195,195,195,92,46,104,183,116,122,116,188,58,140,58,148,145,18,26,23,66,56,147,106,198,211,191,205,195,195,196,213,84,36,168,193,184,94,119,134,112,74,114,197,178,155,72,102,178,176,240,212,187,146,178,170,194,195,179,222,84,121,168,236,194,135,69,195,120,186,84,216,217,240,192,233,208,240,242,232,201,195,203,228,196,167,205,215,243,212,167,243,204,109,76,157,93,84,166,226,229,236,240,247,247,240,242,242,220,194,196,165,198,163,172,199,150,115,22,23,23,15,38,103,170,150,178,171,102,23,20,17,18,106,149,168,214,193,181,195,180,202,128,189,20,168,146,247,230,230,156,149,147,117,213,181,106,139,134,142,75,75,86,178,237,201,204,182,198,148,99,154,28,10,77,13,87,248,101,178,133,243,154,79,83,26,22,16,19,58,93,105,243,142,182,179,194,72,169,125,52,15,80,120,152,142,105,185,189,142,90,118,27,67,118,121,104,16,35,164,131,170,194,208,180,188,70,93,60,33,98,188,67,90,51,39,146,21,38,167,202,227,233,232,185,198,117,184,227,225,217,215,85,24,74,78,42,86,135,116,173,50,30,46,86,140,178,132,198,216,160,158,136,83,210,217,225,227,237,100,29,42,149,42,22,8,62,114,150,159,93,18,44,207,232,193,155,222,232,132,152,225,225,229,234,134,31,54,18,70,140,149,114,200
0,97,74,71,105,73,38,91,130,128,130,66,128,124,124,124,128,116,121,120,121,128,120,113,124,121,128,120,106,189,227,151,193,114,242,238,232,225,240,240,240,240,240,224,233,240,236,224,240,240,236,232,233,237,240,234,187,189,235,151,186,201,236,236,240,232,224,250,208,236,233,236,240,232,236,240,244,247,239,240,238,130,248,240,216,189,249,197,180,236,206,167,165,134,125,94,114,142,207,166,134,214,139,139,71,83,119,131,153,90,88,215,221,189,240,150,153,94,12,134,221,243,240,130,36,25,33,24,43,153,148,176,228,225,236,240,246,94,93,55,15,189,224,134,135,58,155,193,169,241,240,242,246,135,63,73,179,211,226,229,225,233,240,242,184,184,126,46,10,189,222,148,196,203,203,236,247,247,243,246,120,152,169,159,180,195,219,218,213,164,143,185,149,146,178,178,128,189,229,102,151,183,169,69,123,117,173,178,152,120,151,180,226,203,195,225,210,233,240,208,240,240,240,240,216,189,228,84,135,141,137,235,48,171,120,247,185,121,122,93,135,197,214,237,206,175,159,127,243,246,245,242,216,189,227,136,143,48,13,66,56,179,197,117,69,66,92,21,73,137,189,54,161,16,184,183,219,121,103,139,157,189,255,100,139,120,189,66,86,104,23,19,11,97,61,22,13,141,66,13,82,56,155,167,38,22,142,58,38,189,255,235,135,188,192,240,225,225,234,245,141,26,45,22,15,47,30,57,126,112,79,23,23,15,21,29,13,189,255,255,85,234,67,78,127,135,86,30,22,53,52,21,41,43,15,18,133,218,245,240,240,244,249,91,51,189,255,255,84,179,76,44,25,22,22,15,93,123,60,42,135,135,169,37,14,15,23,135,142,110,70,72,181,189,255,255,139,162,58,59,42,18,71,86,223,122,74,133,195,187,228,120,46,25,31,26,23,13,39,159,207,189,255,253,128,194,120,120,116,192,202,194,223,118,144,224,201,205,220,152,120,112,66,70,125,159,139,79,11,189,255,235,161,171,153,146,240,232,225,193,210,241,240,224,232,169,5,183,118,176,208,240,229,193,177,146,106,189,255,229,159,135,211,208,240,232,225,228,194,234,232,225,236,208,184,218,144,242,240,240,229,225,225,225,216,189,255,247,178,102,217,176,236,229,225,246,147,193,193,231,240,217,245,100,202,208,240,236,237,224,225,225,209,189,255,255,229,86,171,208,232,225,235,184,109,51,15,26,30,22,46,63,203,238,240,224,225,232,225,237,209,189,255,255,213,136,135,195,231,212,242,118,83,35,16,19,30,24,18,59,199,192,244,232,225,232,231,243,216,159,255,255,247,192,149,167,118,93,190,242,146,152,152,116,125,160,124,142,68,179,225,214,230,247,169,128,218,160,255,255,255,219,129,137,85,29,143,91,145,228,243,232,235,245,240,240,226,231,219,52,123,109,109,235,128,189,255,255,255,255,247,131,139,149,171,31,70,111,47,106,142,110,110,142,142,30,46,26,138,78,134,70,26,189,255,255,255,255,255,193,117,77,92,154,83,109,19,25,23,11,19,20,47,44,18,39,163,96,29,38,18,184,248,248,248,248,191,190,148,155,10,37,84,134,107,173,243,191,71,192,108,57,92,161,162,110,45,33,61,166,246,241,230,229,230,240,180,152,209,210,241,173,210,208,125,193,240,108,60,80,226,230,149,41,73,176,209,87,176,197,204,203,196,211,233,224,217,194,207,204,99,176,205,135,87,39,60,193,223,86,36,169,229,224,209
1,99,55,99,107,38,66,112,26,38,29,37,35,106,70,37,28,51,60,11,63,42,73,47,41,87,86,53,90,160,99,195,149,48,190,62,33,73,88,116,177,187,41,65,59,123,101,101,109,65,118,79,71,139,177,80,150,162,100,225,92,55,138,65,216,217,184,178,203,197,125,119,216,137,47,34,242,196,227,69,105,75,73,219,87,115,84,162,60,77,43,161,157,122,120,149,178,151,151,105,146,180,222,211,191,158,148,232,181,137,135,143,145,60,84,194,60,38,183,183,99,175,172,236,225,234,245,166,143,245,168,201,110,107,163,135,105,87,135,135,119,52,162,193,34,133,133,53,17,175,199,219,116,14,62,140,94,59,246,224,248,204,52,19,91,137,135,135,135,48,195,149,47,195,150,225,160,206,57,62,67,178,70,91,182,239,205,248,141,65,189,246,168,85,167,135,150,64,197,141,79,196,218,169,220,244,240,220,234,247,247,196,243,100,26,19,23,15,12,39,191,222,151,135,135,64,135,125,113,164,145,30,150,94,195,218,185,68,73,206,238,236,240,240,240,236,240,212,193,233,137,151,135,95,135,125,153,185,194,217,230,230,220,52,76,75,45,118,216,232,249,186,186,155,177,242,240,129,153,151,134,113,116,154,145,215,202,166,48,191,179,155,60,76,92,72,107,11,78,144,162,102,67,169,171,186,189,167,195,120,129,185,132,81,23,34,51,111,30,36,61,60,36,10,135,137,173,133,242,246,228,208,136,92,87,166,195,120,130,185,111,56,167,236,118,135,108,17,118,60,44,12,135,72,120,71,151,38,102,172,187,60,133,195,195,107,116,158,91,178,14,15,126,90,28,6,71,60,44,12,105,155,202,85,23,23,15,17,50,23,132,195,196,103,82,144,99,220,113,45,28,30,35,203,187,60,32,133,148,114,26,129,219,219,187,103,49,84,196,197,126,97,194,197,117,135,92,107,128,104,154,227,168,59,48,204,222,160,42,14,26,30,40,67,227,195,195,200,12,89,47,9,103,246,120,122,125,136,197,194,105,116,74,198,213,182,120,77,46,31,115,212,212,195,195,204,149,153,205,117,135,137,108,104,66,108,221,84,210,176,242,117,68,221,152,150,204,104,150,189,203,195,215,82,62,189,229,167,135,134,78,90,106,149,185,189,185,247,224,247,222,138,124,176,240,232,201,194,195,203,218,185,119,189,203,205,135,183,208,180,176,200,120,12,19,19,29,28,32,38,135,210,236,237,236,201,195,211,109,30,54,13,210,244,86,151,217,238,232,225,229,229,240,224,176,192,128,161,211,241,232,236,233,217,196,210,52,38,72,84,47,75,89,135,127,217,221,232,235,228,247,239,239,245,236,236,208,208,230,233,232,217,196,141,48,78,91,181,161,44,19,102,178,187,194,40,15,23,19,31,15,67,139,251,150,204,219,230,224,221,204,60,85,78,155,189,238,234,156,129,132,238,235,221,193,229,232,247,246,210,78,21,107,208,200,225,230,230,92,61,90,255,98,182,211,158,217,225,214,165,133,187,209,105,16,34,41,46,99,188,181,240,232,225,224,188,54,157,122,177,193,155,182,225,225,237,162,219,228,125,55,73,140,132,124,126,214,229,237,237,229,236,148,75,144,182,192,252,146,136,225,217,223,235,224,214,234,240,156,169,244,232,242,164,131,147,226,231,244,101,46,60,129,241,224,164,150,160,225,194,218,237,240,202,218,237,240,240,216,212,151,206,228,225,225,193,62,13,94,70,34,107,204,242,122
